Equity, 0
Equity, 00
Equity, 1
Equity, 1A
Equity, 1ASP
Equity, 1B
Equity, 1C
Equity, 1E
Equity, 1ESP
Equity, 1I
Equity, 1ISP
Equity, 1R
Equity, 3
Equity, 41
Equity, 51
Equity, 52
Equity, 53
Equity, 54
Equity, 55
Equity, 1S
Equity, CF
Equity, FH
Asset, FA
Asset, FB
Asset, FC
Asset, FD
Asset, FI
Asset, FS
Asset, FU
Asset, FWD
Asset, IRS
Asset, OA
Asset, OC
Asset, OD
Asset, OI
Asset, SWT
Asset, WA
Asset, WASP
Asset, WC
Bond, 94
Bond, CD
Bond, D3
Bond, D3SP
Bond, D7
Bond, D7SP
Bond, F
Bond, FSP
Bond, G
Bond, I
Bond, IL
Bond, J
Bond, JI
Bond, JSP
Bond, Q
Bond, QSP
Bond, 2U
Bond, 3U
Bond, 4U
Bond, 6U
Bond, 92
Bond, 95
Bond, 96
Bond, B
Bond, BI
Bond, CC
Bond, CP
Bond, D1
Bond, D1SP
Bond, IP
Bond, IS
Bond, IT
Bond, IM
Bond, IQ
Bond, L
Bond, LD
Bond, LP
Bond, LS
Bond, LT
Bond, M
Bond, M0
Bond, M3
Bond, M5
Bond, M7
Bond, MC
Bond, MP
Bond, PI
Bond, S
Bond, S0
Bond, S3
Bond, S5
Bond, SC
Bond, SP
Bond, TR
Bond, XA
Bond, 2
Bond, 2P
Bond, 3P
Bond, 4P
Bond, 71
Bond, 73
Bond, 75
Bond, 76
Bond, 90
Bond, 91
Bond, 91SP
Bond, 93
Bond, 93SP
Bond, 97
Bond, 98
Bond, 99
Bond, D
Bond, D2
Bond, D2SP
Bond, P1
Bond, R
Bond, R1
Bond, R3
Bond, R3SP
Bond, RC
Asset, 56
Asset, 56SP
Asset, D4
Asset, D4SP
Asset, D5
Asset, D5SP
Asset, D6
Asset, D6SP
Asset, D8
Asset, D8SP
Asset, JE
Asset, YY
Asset, YYSP
Currency, *C
Currency, *CSP
